target_id,target,contact_route,contact_date,message_type,response_status,resulting_url,follow_up_date,notes
C01,Awesome-Touch,https://github.com/linchangyi1/Awesome-Touch/issues,2026-07-27,paper and resource suggestion,linked,https://github.com/linchangyi1/Awesome-Touch/blob/main/README.md,,"Maintainer requested a PR; PR #41 was merged on 2026-08-05. Closed issue #38 as completed on 2026-08-17. This is the first verified third-party editorial link."
C02,AwesomeTactile,https://github.com/Tom-Ren/AwesomeTactile/pulls,2026-08-19,curated resource pull request,awaiting maintainer review,https://github.com/Tom-Ren/AwesomeTactile/pull/1,2026-09-02,"Submitted a three-line addition for the 19-record RoboSkin Tactile Research Index with CSV and JSON exports. Ownership was disclosed in the PR. Do not count as a backlink unless merged."
C04,Robotics & Automation News,markallinson@roboticsandautomationnews.com,2026-08-16,research news tip,published; verified editorial backlink,https://roboticsandautomationnews.com/2026/08/19/researchers-combine-eit-and-pneumatic-sensing-for-humanoid-robot-skin/104274/,2026-08-26,"Published 2026-08-19 and attributed the source with a natural RoboSkin anchor linking to https://roboskin.ai/. Link audit found rel=noopener only, with no nofollow, sponsored, or ugc attribute. A thank-you and request to point the existing RoboSkin anchor to the exact source brief was sent on 2026-08-19 under the Steven Yang signature. Do not contact again unless the editor replies."
P02,RoboticsTomorrow,news@roboticstomorrow.com,2026-08-16,research news tip,editor confirmed preparation; awaiting publication,,2026-08-31,"Brandon Hetherington replied that RoboticsTomorrow would prepare the hybrid robot-skin article and send the live link. Wait for publication; do not count a backlink until the resulting page is crawlable and links to RoboSkin.ai."
C05,Robohub contribution desk,editors@robohub.org,2026-08-16,new research tip,awaiting response,,2026-08-31,"Sent a fresh source-backed tip about hybrid EIT-pneumatic robot skin through authenticated Gmail. Do not send another message before the follow-up date."
C06,The Robot Report editorial desk,scrowe@wtwhmedia.com,2026-07-27,research tip,final follow-up sent; awaiting response,,,"Personalized to The Robot Report's fabric-based tactile-sensing coverage. Sent one final follow-up on 2026-08-17 with the primary source and merged Awesome-Touch PR as evidence; do not follow up again unless the editor replies."
C09,Awesome-Tactile-Sensing,https://github.com/TX-Leo/Awesome-Tactile-Sensing/issues,2026-07-27,paper and resource suggestion,final follow-up sent; no further outreach,https://github.com/TX-Leo/Awesome-Tactile-Sensing/issues/1,,"Used the issue route explicitly invited by the README. Sent one final follow-up on 2026-08-17; do not comment again unless the maintainer replies."
C10,Awesome-Tactile-Perception,https://github.com/xiaoen0/Awesome-Tactile-Perception/issues,2026-07-27,paper and explainer suggestion,final follow-up sent; no further outreach,https://github.com/xiaoen0/Awesome-Tactile-Perception/issues/1,,"Mapped the paper to Tactile Sensor and the brief to science popularization. Sent one final follow-up on 2026-08-17; do not comment again unless the maintainer replies."
C11,Open Source Robotics / Growbotics,https://robotics.growbotics.ai/suggest,2026-08-17,curated resource submission,awaiting editorial review,,2026-08-31,"Submitted the open-source site, GitHub repository, and seven-entry tactile dataset directory for Research, Curated Lists, or Datasets. Browser confirmation showed Suggestion Submitted. Check the site once; do not resubmit unless requested."
C12,Awesome Touch (2025-2026 tactile VLA and world models),sun254667307@gmail.com,2026-08-17,resource suggestion,awaiting response,,2026-08-31,"Personalized to its Tactile Datasets & Benchmarks and tactile VLA/world-model scope. Authenticated Gmail confirmed sent; disclosed ownership and requested no paid or reciprocal placement."
C13,Awesome Robot Learning,https://github.com/RayYoh/Awesome-Robot-Learning/pulls,2026-08-19,maintainer-approved tactile resource section pull request,awaiting maintainer review,https://github.com/RayYoh/Awesome-Robot-Learning/pull/6,2026-09-02,"Ray Yao confirmed by email that tactile resources are in scope and invited a dedicated tactile / visuo-tactile section with the RoboSkin dataset directory as its first entry. Submitted the PR and replied with the link. Ownership is disclosed. Do not count as a backlink unless merged."
C14,Awesome-Dexterous-Manipulation,https://github.com/chang-xinhai/Awesome-Dexterous-Manipulation/pulls,2026-08-19,curated resource pull request,awaiting maintainer review,https://github.com/chang-xinhai/Awesome-Dexterous-Manipulation/pull/2,2026-09-02,"Submitted one table row in Surveys & Reviews following the repository schema. The PR links the public index plus CSV and JSON exports and discloses RoboSkin.ai ownership. Do not count as a backlink unless merged."
C15,Awesome Tactile- and Force-aware Robot Learning,https://github.com/NTUMARS/Awesome-Tactile-Force-aware-Robot-Learning/issues,2026-08-19,scope check before pull request,awaiting scope reply,https://github.com/NTUMARS/Awesome-Tactile-Force-aware-Robot-Learning/issues/1,2026-09-02,"Asked whether the 19-record evidence-and-limitations taxonomy fits a Related Resources section. Ownership was disclosed; no PR will be opened unless the maintainer confirms scope."
C16,Awesome Visuo-Tactile Datasets,https://github.com/lif314/Awesome-Visuo-Tactile-Datasets/issues,2026-08-19,scope check before pull request,awaiting scope reply,https://github.com/lif314/Awesome-Visuo-Tactile-Datasets/issues/1,2026-09-02,"Asked whether the six-entry cross-dataset directory fits a Related Resources section or whether the repository is limited to individual dataset rows. Ownership was disclosed."
C17,Awesome UMI,https://github.com/commissure-inc/Awesome-UMI/issues,2026-08-19,scope check before pull request,awaiting scope reply,https://github.com/commissure-inc/Awesome-UMI/issues/31,2026-09-02,"Asked whether the independent FreeTacMan analysis fits the hand-edited Talks and articles section. Ownership and evidence limitations were disclosed."
M01,AIhub,lucy.smith@aihub.org,2026-08-19,original article proposal,awaiting response,,2026-09-02,"Sent through authenticated Gmail from messigoat147@gmail.com and copied ella.scallan@aihub.org. Proposed an original capability-first tactile evaluation article using RCT and HT-Bench evidence; disclosed RoboSkin.ai ownership and offered an original figure."
C18,Awesome Physical AI (keon),https://github.com/keon/awesome-physical-ai/pulls,2026-08-19,curated resource pull request,awaiting maintainer review,https://github.com/keon/awesome-physical-ai/pull/40,2026-09-02,"Submitted one Related Works entry linking the Physical AI and Touch pillar. The PR explains its touch-specific value and discloses RoboSkin.ai ownership. Do not count as a backlink unless merged."
C19,Awesome Physical AI (natnew),https://github.com/natnew/awesome-physical-ai/issues,2026-08-19,new resource proposal,awaiting curation reply,https://github.com/natnew/awesome-physical-ai/issues/18,2026-09-02,"Proposed the 19-record Tactile Research Index for Evaluation Methodology with CSV and JSON exports. Followed the repository's issue template fields and disclosed ownership. Do not count as a backlink unless the resource is accepted into the maintained list."
C20,Awesome Vision-Tactile Robot Learning Papers,https://github.com/mistephan/awesome-taptic-papers/issues,2026-08-19,scope check before pull request,awaiting scope reply,https://github.com/mistephan/awesome-taptic-papers/issues/1,2026-09-02,"Asked whether the cross-paper tactile research index and dataset directory fit a Related Resources section. Ownership was disclosed; no PR will be opened unless the maintainer confirms scope."
M02,RoboticsNewsAI editorial desk,tips@roboticsnewsai.com,2026-08-19,new research tip,awaiting response,,2026-09-02,"Sent an original source-backed tip about the 2026 twisted-yarn textile robot-skin pressure-versus-proximity tradeoff. Included the RoboSkin brief and arXiv primary source; disclosed ownership and requested no paid or reciprocal placement. Gmail Sent Mail verified."
M03,Robotics Research / IDTechEx,tessa@idtechex.com,2026-08-19,original contributed article proposal,delivery failed; recipient unknown,,,"Gmail received an Office 365 nondelivery report stating that the recipient was not found. Close this address and do not retry it. A future IDTechEx approach requires a newly verified public editorial route."
C21,University of Genoa / COSMIC Lab,maurizio.valle@unige.it,2026-08-20,historical project correction and resource invitation,awaiting response,https://roboskin.ai/research/eu-roboskin-project,2026-09-03,"Sent through authenticated Gmail under the Steven Yang signature. Personalized to Valle's authorship of the 2013 chapter and current UniGe/COSMIC tactile-sensing work. Requested factual corrections first and an optional independent-resource link only if editorially useful; no paid or reciprocal placement."
C22,EPFL LASA,aude.billard@epfl.ch,2026-08-20,historical project correction and resource invitation,awaiting response,https://roboskin.ai/research/eu-roboskin-project,2026-09-03,"Sent through authenticated Gmail under the Steven Yang signature. Personalized to Billard's authorship and EPFL's CORDIS-listed participation. Disclosed RoboSkin.ai independence and requested no endorsement, paid placement, or reciprocal link."
C23,University of Hertfordshire Centre for AI and Robotics Research,k.dautenhahn@herts.ac.uk,2026-08-20,historical project correction and resource invitation,awaiting response,https://roboskin.ai/research/eu-roboskin-project,2026-09-03,"Sent through authenticated Gmail under the Steven Yang signature. Personalized to the live Hertfordshire project and publication records. Asked for factual review and an optional link only if the independent summary fits an appropriate historical-resource page."
